batch id	A	B	B3	C	C14	D	E	F	G	H	I	J	K	L	M	N	O	T	U	vsp	tick id	stage	site idex	collect_id	pop_id	pop
A01	0	0	0	0	0	1	0	0	1	0	0	0	1	0	0	0	0	0	0	0	F14	female	2	4	long_island	pop3
A02	0	0	0	0	0	0	0	0	0	0	0	0	0	0	0	0	1	0	0	0	F16	female	2	4	long_island	pop3
A04	1	1	0	1	0	0	0	1	1	0	0	0	0	0	0	0	0	0	0	0	F101	female	3	5	long_island	pop3
B01	0	0	0	0	0	0	0	0	0	0	0	0	0	0	0	1	0	0	0	0	F4	female	2	4	long_island	pop3
B02	0	0	1	0	0	0	0	0	0	1	0	0	0	0	0	0	0	1	0	0	F6	female	2	4	long_island	pop3
B03	0	1	0	0	0	1	0	1	0	0	0	0	0	0	0	0	0	1	1	0	F7	female	2	4	long_island	pop3
B04	0	0	0	0	0	0	1	0	0	0	0	0	0	0	0	0	0	0	0	0	F9	female	2	4	long_island	pop3
B05	0	0	0	0	0	0	0	0	0	0	1	0	1	0	0	0	0	0	0	0	F11	female	2	4	long_island	pop3
B06	0	0	0	0	0	0	0	1	0	0	0	0	0	0	0	0	1	0	0	0	F17	female	2	4	long_island	pop3
B07	0	1	0	1	0	0	0	1	0	0	0	0	0	0	0	0	0	0	0	0	F18	female	2	4	long_island	pop3
B08	0	0	0	0	0	0	0	1	0	0	0	0	0	0	0	0	0	0	0	0	F20	female	2	4	long_island	pop3
C19	0	0	0	0	0	0	0	0	0	0	0	0	0	0	0	0	0	1	0	0	F128	female	1	10	long_island	pop3
C20	0	0	0	0	0	0	1	0	0	0	0	1	1	0	0	0	0	0	0	0	F139	female	1	10	long_island	pop3
C21	1	0	0	0	0	0	1	1	0	1	0	1	1	0	1	0	0	1	1	0	F141	female	1	10	long_island	pop3
C22	0	0	0	0	0	0	0	0	0	0	0	0	0	0	0	0	0	1	0	0	F151	female	1	10	long_island	pop3
C23	0	0	0	0	0	0	0	0	0	0	0	0	0	0	0	0	0	1	0	1	F157	female	1	10	long_island	pop3
C24	0	0	0	1	0	0	0	0	1	0	0	0	0	0	0	0	0	0	0	1	F158	female	1	10	long_island	pop3
C25	0	0	0	0	0	0	0	0	0	0	0	0	0	0	0	0	0	1	0	0	F159	female	1	10	long_island	pop3
C26	0	0	0	0	0	0	0	0	0	0	1	0	0	0	0	0	0	0	0	0	F160	female	1	10	long_island	pop3
C39	0	1	0	0	0	0	1	0	1	1	1	0	0	0	1	1	0	0	0	0	F181	female	1	10	long_island	pop3
C40	0	0	0	0	0	0	0	0	0	0	0	0	0	0	0	0	0	0	0	1	F184	female	1	10	long_island	pop3
D01	1	0	0	0	0	0	1	1	0	0	0	1	0	0	1	1	0	0	0	0	F84	female	2	4	long_island	pop3
D05	0	0	0	0	0	0	0	1	1	0	1	0	0	0	0	0	0	0	1	0	F124	female	1	10	long_island	pop3
D06	0	0	0	0	0	0	0	1	1	0	0	0	1	0	0	0	0	0	0	0	F129	female	1	10	long_island	pop3
D07	1	0	0	0	0	0	0	1	1	1	1	1	1	0	0	1	0	0	0	0	F130	female	1	10	long_island	pop3
D13	1	0	0	0	0	0	0	0	1	1	1	0	0	0	0	0	0	0	0	0	F149	female	1	10	long_island	pop3
D14	1	0	0	0	0	0	0	1	1	0	1	0	1	0	1	0	0	1	0	0	F150	female	1	10	long_island	pop3
D15	1	1	0	0	0	0	0	0	0	0	0	0	0	0	0	0	0	0	0	0	F152	female	1	10	long_island	pop3
D16	0	0	0	0	0	0	0	1	0	1	0	0	1	0	0	0	1	0	1	0	F153	female	1	10	long_island	pop3
D17	0	0	0	0	0	0	0	0	0	0	0	0	0	0	1	1	0	0	0	0	F155	female	1	10	long_island	pop3
D19	0	0	0	0	0	0	1	0	0	0	0	0	0	0	0	0	0	0	0	0	F182	female	1	10	long_island	pop3
D35	0	0	0	0	0	0	0	0	0	0	0	0	0	0	1	1	0	1	1	0	F228	female	1	10	long_island	pop3
D36	0	0	0	0	0	0	0	0	0	0	0	0	0	0	0	0	0	1	0	0	F229	female	1	10	long_island	pop3
D37	0	0	0	0	0	0	0	0	0	0	0	0	1	0	0	0	0	0	0	0	F230	female	1	10	long_island	pop3
D38	1	0	0	0	0	0	0	0	1	0	0	0	0	0	0	0	1	1	0	1	F231	female	1	10	long_island	pop3
D39	0	1	0	0	0	0	0	0	0	0	0	0	1	0	0	0	0	0	0	0	F232	female	1	10	long_island	pop3
C29	0	0	0	0	0	0	1	0	0	0	0	0	0	0	1	0	0	0	0	0	M114	male	1	10	long_island	pop3
C30	0	0	0	0	0	0	0	1	0	1	0	0	1	0	0	0	0	1	0	0	M115	male	1	10	long_island	pop3
C31	0	0	0	0	0	1	0	1	1	0	1	0	0	0	0	0	0	0	1	0	M118	male	1	10	long_island	pop3
C32	0	0	0	0	0	0	1	0	0	1	1	0	1	0	0	0	1	1	1	0	M119	male	1	10	long_island	pop3
C33	0	0	0	0	0	0	0	0	0	0	0	0	0	0	0	0	0	1	1	0	M121	male	1	10	long_island	pop3
C41	0	0	0	0	0	0	0	0	0	0	0	0	0	0	0	0	0	0	0	1	M126	male	1	10	long_island	pop3
C47	1	0	0	0	0	0	0	0	0	0	0	0	1	0	0	0	0	0	0	1	M143	male	1	10	long_island	pop3
C48	0	0	0	1	0	0	0	0	0	0	1	0	0	0	0	0	0	0	0	1	M146	male	1	10	long_island	pop3
D20	0	0	0	0	0	0	0	0	1	0	0	0	0	0	0	0	0	0	0	0	M124	male	1	10	long_island	pop3
D21	0	0	0	0	0	0	0	0	0	0	0	0	0	0	0	0	0	1	0	0	M130	male	1	10	long_island	pop3
D40	0	0	0	0	0	0	0	0	0	0	0	0	1	0	0	0	0	0	0	0	M132	male	1	10	long_island	pop3
D41	1	0	0	0	0	1	0	0	0	0	0	0	0	0	0	0	0	1	0	0	M136	male	1	10	long_island	pop3
D42	1	0	0	0	0	0	0	1	1	0	1	0	0	0	0	0	1	1	0	0	M138	male	1	10	long_island	pop3
D43	0	0	0	0	0	0	1	0	0	0	0	0	0	0	0	0	0	0	1	0	M139	male	1	10	long_island	pop3
D44	0	0	0	0	0	0	1	0	0	0	0	0	0	0	0	0	0	0	1	0	M141	male	1	10	long_island	pop3
D45	0	0	0	0	0	0	0	0	0	0	0	0	0	0	0	0	0	1	1	1	M144	male	1	10	long_island	pop3
D46	0	0	0	0	0	0	0	0	0	0	0	0	0	0	0	0	0	1	0	0	M145	male	1	10	long_island	pop3
D47	0	0	0	0	0	0	0	0	0	0	0	0	0	0	0	0	0	1	0	0	M147	male	1	10	long_island	pop3
D48	0	1	0	0	0	0	1	1	1	1	1	0	1	0	1	1	0	1	0	0	M148	male	1	10	long_island	pop3
D49	0	0	0	0	0	0	0	1	0	0	0	0	0	0	0	0	0	0	0	0	M150	male	1	10	long_island	pop3
D50	0	1	0	0	0	0	0	1	0	0	1	0	1	0	0	1	1	1	0	0	M154	male	1	10	long_island	pop3
D51	0	0	0	0	0	0	0	0	0	1	0	0	0	0	0	0	0	0	0	0	M156	male	1	10	long_island	pop3
D52	0	0	0	0	0	0	0	0	0	0	0	0	0	0	0	0	0	1	0	0	M157	male	1	10	long_island	pop3
D53	0	0	0	0	0	0	0	0	0	0	0	0	0	0	0	0	0	0	0	1	M158	male	1	10	long_island	pop3
D54	0	0	0	0	0	0	0	0	1	0	0	0	0	0	0	0	0	0	0	0	M159	male	1	10	long_island	pop3
D55	0	0	0	0	0	0	0	0	1	0	0	0	1	0	0	0	0	0	0	0	M161	male	1	10	long_island	pop3
D56	0	0	0	0	0	0	0	0	0	0	0	0	0	0	0	0	0	0	0	1	M164	male	1	10	long_island	pop3
D57	0	0	0	0	0	0	0	0	0	0	0	0	0	0	0	0	0	0	1	0	M167	male	1	10	long_island	pop3
D58	1	0	0	0	0	0	0	0	0	0	1	0	0	0	0	0	1	1	0	0	M168	male	1	10	long_island	pop3
D59	0	0	0	0	0	1	0	0	0	0	0	0	0	0	0	0	0	0	1	0	M169	male	1	10	long_island	pop3
D60	0	0	0	0	0	0	1	0	0	0	0	0	0	0	0	0	0	0	0	0	M170	male	1	10	long_island	pop3
D08	1	0	0	0	0	0	0	0	0	0	0	0	0	0	0	0	0	0	0	1	N169	nymph	2	6	long_island	pop4
D09	1	0	0	0	0	0	1	1	1	1	1	1	0	0	1	1	1	0	0	1	N170	nymph	2	6	long_island	pop4
D10	0	0	0	1	0	0	1	1	0	1	0	1	0	0	1	1	1	0	0	1	N171	nymph	2	6	long_island	pop4
D11	1	0	0	0	0	0	1	1	1	0	1	1	0	0	1	1	1	0	1	0	N172	nymph	2	6	long_island	pop4
D12	0	0	0	0	0	0	0	0	0	0	0	0	1	0	0	0	0	0	0	0	N179	nymph	2	6	long_island	pop4
D18	0	0	0	0	0	0	0	0	0	0	0	0	0	0	0	0	0	0	0	1	N202	nymph	3	7	long_island	pop4
C18	0	0	0	0	0	0	0	0	0	0	0	0	0	0	0	1	0	0	0	0	F116	female	4	9	upper_state	pop1
C27	0	0	0	1	0	0	0	0	1	0	0	0	0	0	0	1	0	0	0	0	F163	female	4	9	upper_state	pop1
C28	0	0	0	0	0	0	0	0	0	0	0	0	0	0	0	0	0	1	0	0	F164	female	4	9	upper_state	pop1
C34	0	0	0	1	0	0	0	0	1	1	0	0	0	0	0	0	0	0	1	0	F170	female	4	9	upper_state	pop1
C35	0	0	0	0	0	0	1	0	0	0	0	0	0	0	0	0	0	0	0	0	F171	female	4	9	upper_state	pop1
C36	0	0	0	0	0	0	0	0	0	0	1	0	0	0	0	0	0	0	0	0	F172	female	4	9	upper_state	pop1
C37	0	0	0	0	0	0	1	0	0	0	0	0	0	1	0	0	0	0	0	0	F173	female	4	9	upper_state	pop1
C38	0	0	0	0	0	0	0	0	0	0	1	0	0	0	0	0	0	1	0	0	F174	female	4	9	upper_state	pop1
C42	0	0	0	0	0	0	0	0	1	0	0	0	0	0	0	0	0	0	0	0	F191	female	4	9	upper_state	pop1
C43	0	0	0	0	0	0	0	0	0	0	0	0	0	1	1	1	0	0	0	1	F215	female	4	9	upper_state	pop1
C44	0	0	0	0	0	0	0	0	0	0	0	0	0	0	0	0	0	1	0	0	F218	female	4	9	upper_state	pop1
C45	0	0	0	0	0	0	1	0	0	0	0	0	0	0	0	0	0	0	1	0	F224	female	4	9	upper_state	pop1
C46	0	0	0	0	0	0	1	0	0	0	0	0	0	0	0	0	0	0	1	0	F225	female	4	9	upper_state	pop1
D04	0	1	0	0	0	0	0	0	0	0	0	0	0	0	0	0	0	0	0	0	F114	female	4	9	upper_state	pop1
D22	0	1	0	1	0	0	0	0	0	0	0	0	0	0	0	0	0	0	0	0	F185	female	4	9	upper_state	pop1
D23	0	0	0	0	0	0	0	0	0	0	0	0	0	1	0	0	0	0	1	0	F186	female	4	9	upper_state	pop1
D24	0	1	0	1	0	0	0	0	0	0	0	0	0	0	0	1	0	0	0	0	F190	female	4	9	upper_state	pop1
D25	1	0	0	0	0	0	1	0	0	0	0	0	0	0	0	0	0	0	0	0	F199	female	4	9	upper_state	pop1
D26	0	0	0	1	0	0	0	0	0	0	0	0	0	0	0	0	0	0	0	0	F201	female	4	9	upper_state	pop1
D27	1	0	0	1	0	1	0	0	0	0	0	0	0	0	0	0	0	0	0	0	F203	female	4	9	upper_state	pop1
D28	0	0	0	0	0	0	0	0	1	0	0	0	0	0	0	0	0	0	0	0	F206	female	4	9	upper_state	pop1
D29	0	0	0	0	0	0	0	0	1	0	0	0	1	0	1	0	0	0	0	0	F209	female	4	9	upper_state	pop1
D30	0	1	0	0	0	0	0	0	0	0	0	0	0	0	0	1	0	0	0	0	F212	female	4	9	upper_state	pop1
D31	0	0	0	0	0	0	0	0	0	0	0	0	0	0	0	0	0	0	0	1	F214	female	4	9	upper_state	pop1
D32	0	0	0	0	0	0	0	0	0	0	0	0	0	0	0	0	0	1	0	0	F217	female	4	9	upper_state	pop1
D33	0	0	0	1	0	0	0	0	1	1	1	0	1	1	0	0	0	1	0	0	F222	female	4	9	upper_state	pop1
D34	0	0	0	0	0	0	1	0	1	0	0	0	1	0	0	0	0	0	0	0	M131	male	4	9	upper_state	pop1
C01	0	0	0	0	0	0	1	0	0	0	0	0	0	0	0	1	0	0	0	0	N7	nymph	4	2	upper_state	pop2
C02	0	0	0	0	0	0	0	0	0	1	0	0	0	0	0	0	1	0	0	0	N26	nymph	4	2	upper_state	pop2
C03	0	0	0	0	0	0	0	0	0	0	0	0	0	0	0	0	0	0	0	1	N28	nymph	4	2	upper_state	pop2
C04	0	0	0	0	0	0	0	0	0	0	0	0	0	0	0	0	0	0	0	1	N30	nymph	4	2	upper_state	pop2
C05	0	0	0	0	0	0	0	0	0	0	0	0	0	0	0	0	1	0	0	0	N45	nymph	4	2	upper_state	pop2
C06	0	0	0	0	0	0	0	0	0	0	0	0	0	0	0	0	0	0	0	1	N49	nymph	4	2	upper_state	pop2
C07	0	0	0	0	0	0	0	0	0	1	0	0	0	0	0	0	0	0	0	0	N52	nymph	4	2	upper_state	pop2
C08	0	0	0	0	0	1	0	0	0	0	0	0	0	0	0	0	0	0	0	0	N123	nymph	4	8	upper_state	pop2
C09	0	0	0	0	0	0	1	0	1	0	0	0	0	1	0	0	0	0	0	0	N132	nymph	4	8	upper_state	pop2
C10	0	0	0	0	0	0	1	0	0	0	0	0	1	0	0	1	0	0	0	0	N135	nymph	4	8	upper_state	pop2
C11	1	0	0	0	0	0	0	0	0	0	0	0	0	0	0	0	0	0	0	0	N138	nymph	4	8	upper_state	pop2
C12	0	1	0	0	0	0	0	0	0	0	0	0	0	0	0	0	0	1	0	0	N144	nymph	4	8	upper_state	pop2
C13	1	1	0	1	0	0	0	0	0	0	0	0	0	0	0	0	0	0	0	0	N147	nymph	4	8	upper_state	pop2
C14	0	0	0	0	1	0	0	0	0	0	0	0	0	0	0	0	0	0	0	0	N150	nymph	4	8	upper_state	pop2
C15	0	1	0	0	0	0	0	1	0	0	0	0	0	0	1	0	0	1	0	0	N154	nymph	4	8	upper_state	pop2
C16	0	0	0	0	0	0	0	0	0	0	0	0	0	0	1	0	0	0	0	0	N158	nymph	4	8	upper_state	pop2
C17	1	0	0	0	0	0	0	0	0	1	0	0	0	0	0	0	0	0	0	0	N162	nymph	4	8	upper_state	pop2
D02	0	0	0	0	0	0	1	0	0	0	0	0	0	0	0	0	0	0	0	0	N143	nymph	4	8	upper_state	pop2
D03	0	0	0	0	0	0	0	0	0	0	0	0	1	0	0	0	0	0	0	0	N161	nymph	4	8	upper_state	pop2
